Test#,File,Comment,Input_1,Input_2,Input_3,Expected_output_1,Max_cycles,Mailboxes_used,Cycles_used,Halted(1)_or_Terminated(0),Outputs
1,program.txt,Into base 10,223, 6, 10,87,2000,100,361,1,87
2,program.txt,Into base 10,132, 9, 10,110,2000,100,296,1,110
3,program.txt,Into base 10,882, 9, 10,722,2000,100,1195,1,722
4,program.txt,Into base 10,335, 9, 10,275,2000,100,560,1,275
5,program.txt,Into base 10,716, 9, 10,582,2000,100,989,1,582
6,program.txt,Into base 10,366, 8, 10,246,2000,100,560,1,246
7,program.txt,Into base 10,271, 8, 10,185,2000,100,498,1,185
8,program.txt,Into base 10,777, 9, 10,637,2000,100,1068,1,637
9,program.txt,Into base 10,32, 7, 10,23,2000,100,186,1,23
10,program.txt,Into base 10,205, 6, 10,77,2000,100,320,1,77
11,program.txt,Into base 10,213, 5, 10,58,2000,100,303,1,58
12,program.txt,Into base 10,153, 7, 10,87,2000,100,347,1,87
13,program.txt,Into base 10,36, 8, 10,30,2000,100,193,1,30
14,program.txt,Into base 10,805, 9, 10,653,2000,100,1068,1,653
15,program.txt,Into base 10,223, 4, 10,43,2000,100,293,1,43
16,program.txt,Into base 10,117, 9, 10,97,2000,100,306,1,97
17,program.txt,Into base 10,427, 8, 10,279,2000,100,608,1,279
18,program.txt,Into base 10,531, 8, 10,345,2000,100,711,1,345
19,program.txt,Into base 10,113, 9, 10,93,2000,100,306,1,93
20,program.txt,Into base 10,126, 7, 10,69,2000,100,282,1,69
21,program.txt,Into base 10,341, 9, 10,280,2000,100,584,1,280
22,program.txt,Into base 10,750, 9, 10,612,2000,100,1020,1,612
23,program.txt,Into base 10,543, 6, 10,207,2000,100,588,1,207
24,program.txt,Into base 10,535, 8, 10,349,2000,100,711,1,349
25,program.txt,Into base 10,540, 8, 10,352,2000,100,735,1,352
26,program.txt,Into base 10,376, 9, 10,312,2000,100,598,1,312
27,program.txt,Into base 10,610, 9, 10,495,2000,100,879,1,495
28,program.txt,Into base 10,260, 8, 10,176,2000,100,474,1,176
29,program.txt,Into base 10,110, 3, 10,12,2000,100,190,1,12
30,program.txt,Into base 10,371, 8, 10,249,2000,100,577,1,249
31,program.txt,Into base 10,580, 9, 10,477,2000,100,879,1,477
32,program.txt,Into base 10,664, 7, 10,340,2000,100,797,1,340
33,program.txt,Into base 10,66, 7, 10,48,2000,100,251,1,48
34,program.txt,Into base 10,705, 8, 10,453,2000,100,869,1,453
35,program.txt,Into base 10,168, 9, 10,143,2000,100,368,1,143
36,program.txt,Into base 10,24, 5, 10,14,2000,100,162,1,14
37,program.txt,Into base 10,438, 9, 10,359,2000,100,663,1,359
38,program.txt,Into base 10,773, 8, 10,507,2000,100,965,1,507
39,program.txt,Into base 10,484, 9, 10,400,2000,100,725,1,400
40,program.txt,Into base 10,462, 9, 10,380,2000,100,735,1,380
41,program.txt,Into base 10,522, 7, 10,261,2000,100,646,1,261
42,program.txt,Into base 10,142, 7, 10,79,2000,100,323,1,79
43,program.txt,Into base 10,30, 5, 10,15,2000,100,179,1,15
44,program.txt,Into base 10,314, 5, 10,84,2000,100,389,1,84
45,program.txt,Into base 10,311, 6, 10,115,2000,100,382,1,115
46,program.txt,Into base 10,888, 9, 10,728,2000,100,1195,1,728
47,program.txt,Into base 10,326, 8, 10,214,2000,100,471,1,214
48,program.txt,Into base 10,303, 4, 10,51,2000,100,321,1,51
49,program.txt,Into base 10,0, 5, 10,0,2000,100,121,1,0
50,program.txt,Into base 10,115, 6, 10,47,2000,100,241,1,47
51,program.txt,Into base 10,577, 8, 10,383,2000,100,807,1,383
52,program.txt,Into base 10,2, 7, 10,2,2000,100,121,1,2
53,program.txt,Into base 10,4, 9, 10,4,2000,100,121,1,4
54,program.txt,Into base 10,234, 5, 10,69,2000,100,344,1,69
55,program.txt,Into base 10,572, 9, 10,470,2000,100,862,1,470
56,program.txt,Into base 10,60, 7, 10,42,2000,100,251,1,42
57,program.txt,Out of base 10,182, 10, 6,502,2000,100,400,1,502
58,program.txt,Out of base 10,168, 10, 9,206,2000,100,354,1,206
59,program.txt,Out of base 10,163, 10, 6,431,2000,100,375,1,431
60,program.txt,Out of base 10,79, 10, 7,142,2000,100,256,1,142
61,program.txt,Out of base 10,76, 10, 9,84,2000,100,288,1,84
62,program.txt,Out of base 10,530, 10, 9,648,2000,100,839,1,648
63,program.txt,Out of base 10,48, 10, 6,120,2000,100,183,1,120
64,program.txt,Out of base 10,62, 10, 9,68,2000,100,257,1,68
65,program.txt,Out of base 10,685, 10, 9,841,2000,100,1063,1,841
66,program.txt,Out of base 10,315, 10, 9,380,2000,100,567,1,380
67,program.txt,Out of base 10,6, 10, 3,20,2000,100,79,1,20
68,program.txt,Out of base 10,515, 10, 9,632,2000,100,798,1,632
69,program.txt,Out of base 10,502, 10, 8,766,2000,100,806,1,766
70,program.txt,Out of base 10,433, 10, 8,661,2000,100,730,1,661
71,program.txt,Out of base 10,188, 10, 7,356,2000,100,419,1,356
72,program.txt,Out of base 10,68, 10, 7,125,2000,100,225,1,125
73,program.txt,Out of base 10,501, 10, 8,765,2000,100,806,1,765
74,program.txt,Out of base 10,111, 10, 7,216,2000,100,260,1,216
75,program.txt,Out of base 10,20, 10, 4,110,2000,100,126,1,110
76,program.txt,Out of base 10,376, 10, 8,570,2000,100,678,1,570
77,program.txt,Out of base 10,3, 10, 6,3,2000,100,89,1,3
78,program.txt,Out of base 10,173, 10, 9,212,2000,100,378,1,212
79,program.txt,Out of base 10,201, 10, 9,243,2000,100,395,1,243
80,program.txt,Out of base 10,295, 10, 7,601,2000,100,552,1,601
81,program.txt,Out of base 10,105, 10, 8,151,2000,100,267,1,151
82,program.txt,Out of base 10,665, 10, 9,818,2000,100,1008,1,818
83,program.txt,Out of base 10,98, 10, 5,343,2000,100,298,1,343
84,program.txt,Out of base 10,173, 10, 8,255,2000,100,398,1,255
85,program.txt,Out of base 10,156, 10, 9,183,2000,100,381,1,183
86,program.txt,Out of base 10,5, 10, 6,5,2000,100,89,1,5
87,program.txt,Out of base 10,106, 10, 7,211,2000,100,243,1,211
88,program.txt,Out of base 10,613, 10, 9,751,2000,100,939,1,751
89,program.txt,Out of base 10,0, 10, 8,0,2000,100,105,1,0
90,program.txt,Out of base 10,190, 10, 8,276,2000,100,446,1,276
91,program.txt,Out of base 10,1, 10, 4,1,2000,100,73,1,1
92,program.txt,Out of base 10,137, 10, 6,345,2000,100,319,1,345
93,program.txt,Out of base 10,98, 10, 8,142,2000,100,298,1,142
94,program.txt,Out of base 10,571, 10, 9,704,2000,100,891,1,704
95,program.txt,Out of base 10,464, 10, 8,720,2000,100,765,1,720
96,program.txt,Out of base 10,219, 10, 8,333,2000,100,409,1,333
97,program.txt,Out of base 10,247, 10, 8,367,2000,100,481,1,367
98,program.txt,Out of base 10,226, 10, 8,342,2000,100,433,1,342
99,program.txt,Out of base 10,280, 10, 8,430,2000,100,540,1,430
100,program.txt,Out of base 10,459, 10, 8,713,2000,100,741,1,713
101,program.txt,Out of base 10,335, 10, 8,517,2000,100,568,1,517
102,program.txt,Out of base 10,23, 10, 3,212,2000,100,130,1,212
103,program.txt,Out of base 10,400, 10, 9,484,2000,100,677,1,484
104,program.txt,Out of base 10,143, 10, 8,217,2000,100,319,1,217
105,program.txt,Out of base 10,225, 10, 7,441,2000,100,437,1,441
106,program.txt,Out of base 10,94, 10, 7,163,2000,100,304,1,163
107,program.txt,Out of base 10,98, 10, 6,242,2000,100,294,1,242
108,program.txt,Out of base 10,331, 10, 8,513,2000,100,568,1,513
109,program.txt,Out of base 10,331, 10, 7,652,2000,100,600,1,652
110,program.txt,Out of base 10,321, 10, 7,636,2000,100,569,1,636
111,program.txt,Out of base 10,55, 10, 8,67,2000,100,232,1,67
112,program.txt,Out of base 10,63, 10, 6,143,2000,100,231,1,143
113,program.txt,Between bases,376, 8, 7,512,2000,100,568,1,512
114,program.txt,Between bases,61, 7, 4,223,2000,100,213,1,223
115,program.txt,Between bases,541, 6, 8,315,2000,100,591,1,315
116,program.txt,Between bases,506, 7, 8,373,2000,100,615,1,373
117,program.txt,Between bases,352, 7, 8,270,2000,100,518,1,270
118,program.txt,Between bases,653, 7, 8,514,2000,100,767,1,514
119,program.txt,Between bases,431, 8, 7,551,2000,100,623,1,551
120,program.txt,Between bases,62, 9, 4,320,2000,100,225,1,320
121,program.txt,Between bases,283, 9, 8,355,2000,100,522,1,355
122,program.txt,Between bases,254, 6, 8,152,2000,100,387,1,152
123,program.txt,Between bases,230, 4, 5,134,2000,100,275,1,134
124,program.txt,Between bases,251, 8, 6,441,2000,100,440,1,441
125,program.txt,Between bases,22, 7, 3,121,2000,100,125,1,121
126,program.txt,Between bases,354, 7, 9,226,2000,100,491,1,226
127,program.txt,Between bases,152, 9, 7,242,2000,100,339,1,242
128,program.txt,Between bases,315, 6, 8,167,2000,100,401,1,167
129,program.txt,Between bases,331, 4, 9,67,2000,100,371,1,67
130,program.txt,Between bases,5, 9, 2,101,2000,100,69,1,101
131,program.txt,Between bases,403, 5, 8,147,2000,100,405,1,147
132,program.txt,Between bases,44, 6, 8,34,2000,100,194,1,34
133,program.txt,Between bases,603, 7, 9,360,2000,100,701,1,360
134,program.txt,Between bases,155, 7, 9,108,2000,100,295,1,108
135,program.txt,Between bases,153, 7, 8,127,2000,100,301,1,127
136,program.txt,Between bases,323, 7, 6,432,2000,100,447,1,432
137,program.txt,Between bases,150, 8, 7,206,2000,100,301,1,206
138,program.txt,Between bases,314, 7, 6,422,2000,100,423,1,422
139,program.txt,Between bases,132, 8, 6,230,2000,100,280,1,230
140,program.txt,Between bases,220, 5, 6,140,2000,100,293,1,140
141,program.txt,Between bases,34, 7, 8,31,2000,100,177,1,31
142,program.txt,Between bases,118, 9, 8,142,2000,100,267,1,142
143,program.txt,Between bases,107, 8, 7,131,2000,100,225,1,131
144,program.txt,Between bases,333, 5, 8,135,2000,100,384,1,135
145,program.txt,Between bases,232, 8, 7,310,2000,100,381,1,310
146,program.txt,Between bases,52, 7, 4,211,2000,100,189,1,211
147,program.txt,Between bases,46, 7, 5,114,2000,100,168,1,114
148,program.txt,Between bases,620, 9, 8,770,2000,100,902,1,770
149,program.txt,Between bases,215, 7, 6,302,2000,100,312,1,302
150,program.txt,Between bases,51, 9, 7,64,2000,100,224,1,64
151,program.txt,Between bases,120, 6, 9,53,2000,100,257,1,53
152,program.txt,Between bases,130, 8, 5,323,2000,100,277,1,323
153,program.txt,Between bases,205, 6, 8,115,2000,100,274,1,115
154,program.txt,Between bases,1, 6, 7,1,2000,100,97,1,1
155,program.txt,Between bases,3, 6, 4,3,2000,100,73,1,3
156,program.txt,Between bases,73, 8, 5,214,2000,100,231,1,214
157,program.txt,Between bases,184, 9, 8,235,2000,100,391,1,235
158,program.txt,Between bases,470, 8, 7,624,2000,100,682,1,624
159,program.txt,Between bases,642, 7, 9,400,2000,100,739,1,400
160,program.txt,Between bases,116, 8, 9,86,2000,100,281,1,86
161,program.txt,Between bases,36, 7, 9,30,2000,100,185,1,30
162,program.txt,Between bases,77, 8, 5,223,2000,100,238,1,223
163,program.txt,Between bases,473, 8, 9,380,2000,100,704,1,380
164,program.txt,Between bases,445, 8, 7,566,2000,100,647,1,566
165,program.txt,Between bases,36, 9, 7,45,2000,100,176,1,45
166,program.txt,Between bases,14, 5, 6,13,2000,100,113,1,13
167,program.txt,Between bases,11, 2, 3,10,2000,100,89,1,10
168,program.txt,Between bases,271, 8, 6,505,2000,100,458,1,505
169,program.txt,Overflow,14, 9, 2,999,2000,100,90,1,999
170,program.txt,Overflow,336, 8, 4,999,2000,100,449,1,999
171,program.txt,Overflow,716, 9, 2,999,2000,100,825,1,999
172,program.txt,Overflow,993, 10, 7,999,2000,100,1361,1,999
173,program.txt,Overflow,946, 10, 2,999,2000,100,1176,1,999
174,program.txt,Overflow,431, 9, 3,999,2000,100,564,1,999
175,program.txt,Overflow,562, 8, 5,999,2000,100,710,1,999
176,program.txt,Overflow,118, 10, 3,999,2000,100,225,1,999
177,program.txt,Overflow,545, 7, 3,999,2000,100,586,1,999
178,program.txt,Overflow,651, 7, 2,999,2000,100,668,1,999
179,program.txt,Overflow,898, 10, 9,999,2000,100,1286,1,999
180,program.txt,Overflow,367, 10, 7,999,2000,100,620,1,999
181,program.txt,Overflow,626, 8, 5,999,2000,100,737,1,999
182,program.txt,Overflow,381, 10, 5,999,2000,100,614,1,999
183,program.txt,Overflow,532, 8, 5,999,2000,100,659,1,999
184,program.txt,Overflow,703, 8, 7,999,2000,100,838,1,999
185,program.txt,Overflow,339, 10, 6,999,2000,100,549,1,999
186,program.txt,Overflow,873, 10, 8,999,2000,100,1232,1,999
187,program.txt,Overflow,575, 9, 3,999,2000,100,737,1,999
188,program.txt,Overflow,945, 10, 8,999,2000,100,1296,1,999
189,program.txt,Overflow,885, 10, 5,999,2000,100,1189,1,999
190,program.txt,Overflow,703, 8, 2,999,2000,100,738,1,999
191,program.txt,Overflow,273, 10, 5,999,2000,100,482,1,999
192,program.txt,Overflow,944, 10, 3,999,2000,100,1196,1,999
193,program.txt,Overflow,453, 6, 5,999,2000,100,518,1,999
194,program.txt,Overflow,842, 9, 6,999,2000,100,1061,1,999
195,program.txt,Overflow,666, 8, 6,999,2000,100,825,1,999
196,program.txt,Overflow,553, 6, 5,999,2000,100,593,1,999
197,program.txt,Overflow,906, 10, 6,999,2000,100,1188,1,999
198,program.txt,Overflow,356, 10, 4,999,2000,100,543,1,999
199,program.txt,Overflow,290, 10, 2,999,2000,100,456,1,999
200,program.txt,Overflow,939, 10, 3,999,2000,100,1179,1,999
201,program.txt,Overflow,617, 10, 4,999,2000,100,820,1,999
202,program.txt,Overflow,841, 9, 2,999,2000,100,981,1,999
203,program.txt,Overflow,494, 10, 6,999,2000,100,766,1,999
204,program.txt,Overflow,443, 8, 4,999,2000,100,561,1,999
205,program.txt,Overflow,383, 9, 3,999,2000,100,544,1,999
206,program.txt,Overflow,112, 8, 4,999,2000,100,225,1,999
207,program.txt,Overflow,681, 10, 8,999,2000,100,1019,1,999
208,program.txt,Overflow,413, 8, 2,999,2000,100,470,1,999
209,program.txt,Overflow,854, 9, 7,999,2000,100,1098,1,999
210,program.txt,Overflow,250, 10, 4,999,2000,100,428,1,999
211,program.txt,Overflow,542, 6, 3,999,2000,100,536,1,999
212,program.txt,Overflow,477, 10, 6,999,2000,100,732,1,999
213,program.txt,Overflow,754, 9, 3,999,2000,100,913,1,999
214,program.txt,Overflow,620, 7, 6,999,2000,100,697,1,999
215,program.txt,Overflow,631, 10, 5,999,2000,100,874,1,999
216,program.txt,Overflow,812, 9, 2,999,2000,100,930,1,999
217,program.txt,Overflow,151, 6, 3,999,2000,100,253,1,999
218,program.txt,Overflow,58, 10, 3,999,2000,100,178,1,999
219,program.txt,Overflow,758, 10, 6,999,2000,100,1043,1,999
220,program.txt,Overflow,520, 9, 5,999,2000,100,692,1,999
221,program.txt,Overflow,805, 9, 5,999,2000,100,973,1,999
222,program.txt,Overflow,757, 10, 2,999,2000,100,963,1,999
223,program.txt,Overflow,553, 8, 5,999,2000,100,693,1,999
224,program.txt,Overflow,588, 9, 3,999,2000,100,754,1,999
225,program.txt,Invalid numbers,732, 0, 10,999,2000,100,93,1,999
226,program.txt,Invalid numbers,235, 0, 10,999,2000,100,58,1,999
227,program.txt,Invalid numbers,108, 4, 10,999,2000,100,190,1,24
228,program.txt,Invalid numbers,676, 3, 10,999,2000,100,566,1,81
229,program.txt,Invalid numbers,832, 5, 10,999,2000,100,723,1,217
230,program.txt,Invalid numbers,107, 1, 10,999,2000,100,146,1,8
231,program.txt,Invalid numbers,232, 0, 10,999,2000,100,58,1,999
232,program.txt,Invalid numbers,239, 1, 10,999,2000,100,229,1,14
233,program.txt,Invalid numbers,907, 0, 10,999,2000,100,86,1,999
234,program.txt,Invalid numbers,816, 0, 10,999,2000,100,86,1,999
235,program.txt,Invalid numbers,557, 0, 10,999,2000,100,93,1,999
236,program.txt,Invalid numbers,893, 0, 10,999,2000,100,142,1,999
237,program.txt,Invalid numbers,793, 7, 10,999,2000,100,917,1,409
238,program.txt,Invalid numbers,121, 2, 10,999,2000,100,190,1,9
239,program.txt,Invalid numbers,510, 0, 10,999,2000,100,65,1,999
240,program.txt,Invalid numbers,699, 6, 10,999,2000,100,797,1,279
241,program.txt,Invalid numbers,739, 2, 10,999,2000,100,445,1,43
242,program.txt,Invalid numbers,650, 3, 10,999,2000,100,518,1,69
243,program.txt,Invalid numbers,287, 3, 10,999,2000,100,375,1,49
244,program.txt,Invalid numbers,151, 1, 10,999,2000,100,231,1,7
245,program.txt,Invalid numbers,831, 0, 10,999,2000,100,100,1,999
246,program.txt,Invalid numbers,74, 2, 10,999,2000,100,247,1,18
247,program.txt,Reset test,555, 6, 7,,150,100,150,0,
248,program.txt,Invalid numbers,700, 7, 10,999,2000,100,780,1,343
249,program.txt,Invalid numbers,55, 0, 10,999,2000,100,58,1,999
250,program.txt,Invalid numbers,192, 0, 10,999,2000,100,93,1,999
251,program.txt,Invalid numbers,104, 0, 10,999,2000,100,30,1,999
252,program.txt,Invalid numbers,127, 0, 10,999,2000,100,44,1,999
253,program.txt,Invalid numbers,587, 1, 10,999,2000,100,396,1,20
254,program.txt,Invalid numbers,471, 5, 10,999,2000,100,533,1,136
255,program.txt,Invalid numbers,212, 0, 10,999,2000,100,44,1,999
256,program.txt,Invalid numbers,623, 2, 10,999,2000,100,386,1,31
257,program.txt,Invalid numbers,19, 0, 10,999,2000,100,30,1,999
258,program.txt,Invalid numbers,653, 3, 10,999,2000,100,525,1,72
259,program.txt,Invalid numbers,987, 3, 10,999,2000,100,681,1,112
260,program.txt,Invalid numbers,394, 1, 10,999,2000,100,356,1,16
261,program.txt,Invalid numbers,661, 0, 10,999,2000,100,107,1,999
262,program.txt,Invalid numbers,687, 5, 10,999,2000,100,722,1,197
263,program.txt,Invalid numbers,706, 7, 10,999,2000,100,780,1,349
264,program.txt,Invalid numbers,490, 0, 10,999,2000,100,114,1,999
265,program.txt,Invalid numbers,784, 6, 10,999,2000,100,818,1,304
266,program.txt,Invalid numbers,575, 0, 10,999,2000,100,107,1,999
267,program.txt,Invalid numbers,435, 0, 10,999,2000,100,72,1,999
268,program.txt,Invalid numbers,850, 0, 10,999,2000,100,114,1,999
269,program.txt,Invalid numbers,288, 1, 10,999,2000,100,314,1,18
270,program.txt,Invalid numbers,862, 1, 10,999,2000,100,430,1,16
271,program.txt,Invalid numbers,702, 0, 10,999,2000,100,72,1,999
272,program.txt,Invalid numbers,672, 2, 10,999,2000,100,478,1,40
273,program.txt,Invalid numbers,658, 1, 10,999,2000,100,363,1,19
274,program.txt,Invalid numbers,198, 5, 10,999,2000,100,388,1,78
275,program.txt,Invalid numbers,134, 3, 10,999,2000,100,231,1,22
276,program.txt,Invalid numbers,188, 0, 10,999,2000,100,86,1,999
277,program.txt,Invalid numbers,106, 1, 10,999,2000,100,146,1,7
278,program.txt,Invalid numbers,915, 6, 10,999,2000,100,870,1,335
279,program.txt,Invalid numbers,874, 4, 10,999,2000,100,734,1,160
280,program.txt,Invalid numbers,396, 0, 10,999,2000,100,107,1,999
281,program.txt,Invalid numbers,893, 0, 10,999,2000,100,142,1,999
282,program.txt,Into base 0 and 1,151, 10, 1,999,2000,100,235,1,999
283,program.txt,Into base 0 and 1,2, 10, 0,999,2000,100,29,1,999
284,program.txt,Into base 0 and 1,484, 10, 1,999,2000,100,631,1,999
285,program.txt,Into base 0 and 1,876, 10, 1,999,2000,100,1074,1,999
286,program.txt,Into base 0 and 1,365, 10, 0,999,2000,100,476,1,999
287,program.txt,Into base 0 and 1,112, 10, 0,999,2000,100,161,1,999
288,program.txt,Into base 0 and 1,4, 10, 1,999,2000,100,35,1,999
289,program.txt,Into base 0 and 1,879, 10, 1,999,2000,100,1074,1,999
290,program.txt,Into base 0 and 1,818, 10, 0,999,2000,100,966,1,999
291,program.txt,Into base 0 and 1,913, 10, 0,999,2000,100,1081,1,999
292,program.txt,Into base 0 and 1,464, 10, 0,999,2000,100,591,1,999
293,program.txt,Into base 0 and 1,66, 10, 0,999,2000,100,131,1,999
294,program.txt,Into base 0 and 1,662, 10, 1,999,2000,100,827,1,999
295,program.txt,Into base 0 and 1,68, 10, 0,999,2000,100,131,1,999
296,program.txt,Into base 0 and 1,584, 10, 1,999,2000,100,746,1,999
297,program.txt,Into base 0 and 1,907, 10, 1,999,2000,100,1070,1,999
298,program.txt,Into base 0 and 1,231, 10, 1,999,2000,100,316,1,999
299,program.txt,Into base 0 and 1,364, 10, 1,999,2000,100,482,1,999
300,program.txt,Into base 0 and 1,320, 10, 0,999,2000,100,408,1,999
301,program.txt,Into base 0 and 1,479, 10, 1,999,2000,100,614,1,999
302,program.txt,Into base 0 and 1,319, 10, 0,999,2000,100,391,1,999
303,program.txt,Into base 0 and 1,26, 10, 1,999,2000,100,69,1,999
304,program.txt,Into base 0 and 1,191, 10, 1,999,2000,100,303,1,999
305,program.txt,Into base 0 and 1,894, 10, 0,999,2000,100,1102,1,999
306,program.txt,Into base 0 and 1,111, 10, 1,999,2000,100,167,1,999
307,program.txt,Into base 0 and 1,902, 10, 0,999,2000,100,1064,1,999
308,program.txt,Into base 0 and 1,561, 10, 0,999,2000,100,706,1,999
309,program.txt,Into base 0 and 1,782, 10, 0,999,2000,100,970,1,999
310,program.txt,Into base 0 and 1,82, 10, 0,999,2000,100,165,1,999
311,program.txt,Into base 0 and 1,606, 10, 0,999,2000,100,719,1,999
312,program.txt,Into base 0 and 1,162, 10, 1,999,2000,100,252,1,999
313,program.txt,Into base 0 and 1,142, 10, 0,999,2000,100,212,1,999
314,program.txt,Into base 0 and 1,861, 10, 1,999,2000,100,1057,1,999
315,program.txt,Into base 0 and 1,917, 10, 1,999,2000,100,1087,1,999
316,program.txt,Into base 0 and 1,670, 10, 1,999,2000,100,844,1,999
317,program.txt,Into base 0 and 1,411, 10, 1,999,2000,100,512,1,999
318,program.txt,Into base 0 and 1,852, 10, 1,999,2000,100,1040,1,999
319,program.txt,Into base 0 and 1,474, 10, 1,999,2000,100,614,1,999
320,program.txt,Into base 0 and 1,640, 10, 0,999,2000,100,787,1,999
321,program.txt,Into base 0 and 1,892, 10, 0,999,2000,100,1102,1,999
322,program.txt,Into base 0 and 1,473, 10, 1,999,2000,100,614,1,999
323,program.txt,Into base 0 and 1,278, 10, 1,999,2000,100,384,1,999
324,program.txt,Into base 0 and 1,518, 10, 0,999,2000,100,621,1,999
325,program.txt,Into base 0 and 1,147, 10, 0,999,2000,100,212,1,999
326,program.txt,Into base 0 and 1,250, 10, 0,999,2000,100,344,1,999
327,program.txt,Into base 0 and 1,174, 10, 0,999,2000,100,263,1,999
328,program.txt,Into base 0 and 1,896, 10, 0,999,2000,100,1102,1,999
329,program.txt,Into base 0 and 1,323, 10, 1,999,2000,100,414,1,999
330,program.txt,Into base 0 and 1,28, 10, 1,999,2000,100,69,1,999
331,program.txt,Into base 0 and 1,673, 10, 0,999,2000,100,838,1,999
332,program.txt,Into base 0 and 1,340, 10, 0,999,2000,100,442,1,999
333,program.txt,Into base 0 and 1,694, 10, 1,999,2000,100,878,1,999
334,program.txt,Into base 0 and 1,591, 10, 1,999,2000,100,763,1,999
335,program.txt,Into base 0 and 1,636, 10, 0,999,2000,100,770,1,999
336,program.txt,Into base 0 and 1,884, 10, 0,999,2000,100,1085,1,999
337,program.txt,Into base 0 and 1,575, 10, 0,999,2000,100,723,1,999
338,program.txt,Out of base 0 and 1,982, 0, 10,999,2000,100,142,1,999
339,program.txt,Out of base 0 and 1,827, 0, 10,999,2000,100,93,1,999
340,program.txt,Out of base 0 and 1,383, 0, 10,999,2000,100,100,1,999
341,program.txt,Out of base 0 and 1,315, 0, 10,999,2000,100,51,1,999
342,program.txt,Out of base 0 and 1,977, 1, 10,999,2000,100,479,1,23
343,program.txt,Out of base 0 and 1,107, 0, 10,999,2000,100,30,1,999
344,program.txt,Out of base 0 and 1,148, 1, 10,999,2000,100,221,1,13
345,program.txt,Out of base 0 and 1,141, 0, 10,999,2000,100,58,1,999
346,program.txt,Out of base 0 and 1,884, 0, 10,999,2000,100,135,1,999
347,program.txt,Out of base 0 and 1,677, 0, 10,999,2000,100,114,1,999
348,program.txt,Out of base 0 and 1,640, 1, 10,999,2000,100,346,1,10
349,program.txt,Out of base 0 and 1,620, 1, 10,999,2000,100,305,1,8
350,program.txt,Out of base 0 and 1,187, 1, 10,999,2000,100,289,1,16
351,program.txt,Out of base 0 and 1,824, 0, 10,999,2000,100,93,1,999
352,program.txt,Out of base 0 and 1,806, 0, 10,999,2000,100,79,1,999
353,program.txt,Out of base 0 and 1,459, 0, 10,999,2000,100,86,1,999
354,program.txt,Out of base 0 and 1,810, 1, 10,999,2000,100,338,1,9
355,program.txt,Out of base 0 and 1,563, 0, 10,999,2000,100,100,1,999
356,program.txt,Out of base 0 and 1,620, 1, 10,999,2000,100,305,1,8
357,program.txt,Out of base 0 and 1,769, 1, 10,999,2000,100,412,1,22
358,program.txt,Out of base 0 and 1,64, 0, 10,999,2000,100,65,1,999
359,program.txt,Out of base 0 and 1,84, 1, 10,999,2000,100,264,1,12
360,program.txt,Out of base 0 and 1,166, 0, 10,999,2000,100,72,1,999
361,program.txt,Out of base 0 and 1,655, 0, 10,999,2000,100,100,1,999
362,program.txt,Out of base 0 and 1,148, 0, 10,999,2000,100,58,1,999
363,program.txt,Out of base 0 and 1,602, 0, 10,999,2000,100,65,1,999
364,program.txt,Out of base 0 and 1,342, 1, 10,999,2000,100,264,1,9
365,program.txt,Out of base 0 and 1,130, 0, 10,999,2000,100,51,1,999
366,program.txt,Out of base 0 and 1,681, 1, 10,999,2000,100,414,1,15
367,program.txt,Out of base 0 and 1,813, 1, 10,999,2000,100,345,1,12
368,program.txt,Out of base 0 and 1,441, 1, 10,999,2000,100,289,1,9
369,program.txt,Out of base 0 and 1,482, 1, 10,999,2000,100,364,1,14
370,program.txt,Out of base 0 and 1,983, 1, 10,999,2000,100,496,1,20
371,program.txt,Out of base 0 and 1,953, 0, 10,999,2000,100,121,1,999
372,program.txt,Out of base 0 and 1,652, 0, 10,999,2000,100,100,1,999
373,program.txt,Out of base 0 and 1,90, 0, 10,999,2000,100,86,1,999
374,program.txt,Out of base 0 and 1,292, 1, 10,999,2000,100,331,1,13
375,program.txt,Out of base 0 and 1,235, 1, 10,999,2000,100,229,1,10
376,program.txt,Out of base 0 and 1,262, 0, 10,999,2000,100,79,1,999
377,program.txt,Out of base 0 and 1,812, 0, 10,999,2000,100,86,1,999
378,program.txt,Out of base 0 and 1,545, 1, 10,999,2000,100,321,1,14
379,program.txt,Out of base 0 and 1,501, 0, 10,999,2000,100,58,1,999
380,program.txt,Out of base 0 and 1,798, 0, 10,999,2000,100,135,1,999
381,program.txt,Out of base 0 and 1,939, 1, 10,999,2000,100,411,1,21
382,program.txt,Out of base 0 and 1,699, 1, 10,999,2000,100,438,1,24
383,program.txt,Out of base 0 and 1,930, 1, 10,999,2000,100,404,1,12
384,program.txt,Out of base 0 and 1,157, 0, 10,999,2000,100,65,1,999
385,program.txt,Out of base 0 and 1,779, 1, 10,999,2000,100,429,1,23
386,program.txt,Out of base 0 and 1,929, 1, 10,999,2000,100,394,1,20
387,program.txt,Out of base 0 and 1,69, 0, 10,999,2000,100,65,1,999
388,program.txt,Out of base 0 and 1,335, 1, 10,999,2000,100,254,1,11
389,program.txt,Out of base 0 and 1,207, 0, 10,999,2000,100,37,1,999
390,program.txt,Out of base 0 and 1,777, 1, 10,999,2000,100,429,1,21
391,program.txt,Out of base 0 and 1,750, 1, 10,999,2000,100,388,1,12
392,program.txt,Out of base 0 and 1,799, 0, 10,999,2000,100,135,1,999
393,program.txt,Out of base 0 and 1,891, 0, 10,999,2000,100,142,1,999
394,program.txt,Into base greater than 10,90, 10, 49,999,2000,100,190,1,999
395,program.txt,Into base greater than 10,649, 10, 76,999,2000,100,795,1,999
396,program.txt,Into base greater than 10,881, 10, 57,999,2000,100,1093,1,999
397,program.txt,Into base greater than 10,844, 10, 23,999,2000,100,1025,1,999
398,program.txt,Into base greater than 10,180, 10, 64,999,2000,100,288,1,999
399,program.txt,Into base greater than 10,577, 10, 72,999,2000,100,731,1,999
400,program.txt,Into base greater than 10,885, 10, 90,999,2000,100,1093,1,999
401,program.txt,Into base greater than 10,14, 10, 63,999,2000,100,54,1,999
402,program.txt,Into base greater than 10,868, 10, 48,999,2000,100,1059,1,999
403,program.txt,Into base greater than 10,510, 10, 85,999,2000,100,629,1,999
404,program.txt,Into base greater than 10,276, 10, 51,999,2000,100,386,1,999
405,program.txt,Into base greater than 10,918, 10, 51,999,2000,100,1089,1,999
406,program.txt,Into base greater than 10,699, 10, 31,999,2000,100,880,1,999
407,program.txt,Into base greater than 10,576, 10, 45,999,2000,100,731,1,999
408,program.txt,Into base greater than 10,566, 10, 11,999,2000,100,714,1,999
409,program.txt,Into base greater than 10,864, 10, 83,999,2000,100,1059,1,999
410,program.txt,Into base greater than 10,884, 10, 22,999,2000,100,1093,1,999
411,program.txt,Into base greater than 10,548, 10, 15,999,2000,100,680,1,999
412,program.txt,Into base greater than 10,630, 10, 91,999,2000,100,778,1,999
413,program.txt,Into base greater than 10,407, 10, 90,999,2000,100,497,1,999
414,program.txt,Into base greater than 10,735, 10, 26,999,2000,100,893,1,999
415,program.txt,Into base greater than 10,560, 10, 64,999,2000,100,714,1,999
416,program.txt,Into base greater than 10,414, 10, 65,999,2000,100,514,1,999
417,program.txt,Into base greater than 10,204, 10, 65,999,2000,100,267,1,999
418,program.txt,Into base greater than 10,428, 10, 65,999,2000,100,531,1,999
419,program.txt,Into base greater than 10,896, 10, 75,999,2000,100,1110,1,999
420,program.txt,Into base greater than 10,212, 10, 27,999,2000,100,284,1,999
421,program.txt,Into base greater than 10,894, 10, 15,999,2000,100,1110,1,999
422,program.txt,Into base greater than 10,622, 10, 92,999,2000,100,761,1,999
423,program.txt,Into base greater than 10,369, 10, 20,999,2000,100,484,1,999
424,program.txt,Into base greater than 10,631, 10, 42,999,2000,100,778,1,999
425,program.txt,Into base greater than 10,675, 10, 74,999,2000,100,846,1,999
426,program.txt,Into base greater than 10,831, 10, 76,999,2000,100,1008,1,999
427,program.txt,Into base greater than 10,681, 10, 37,999,2000,100,863,1,999
428,program.txt,Into base greater than 10,74, 10, 73,999,2000,100,156,1,999
429,program.txt,Into base greater than 10,122, 10, 69,999,2000,100,186,1,999
430,program.txt,Into base greater than 10,500, 10, 30,999,2000,100,612,1,999
431,program.txt,Into base greater than 10,528, 10, 62,999,2000,100,646,1,999
432,program.txt,Into base greater than 10,768, 10, 89,999,2000,100,944,1,999
433,program.txt,Into base greater than 10,571, 10, 17,999,2000,100,731,1,999
434,program.txt,Into base greater than 10,624, 10, 76,999,2000,100,761,1,999
435,program.txt,Into base greater than 10,777, 10, 89,999,2000,100,961,1,999
436,program.txt,Into base greater than 10,619, 10, 35,999,2000,100,744,1,999
437,program.txt,Into base greater than 10,841, 10, 89,999,2000,100,1025,1,999
438,program.txt,Into base greater than 10,798, 10, 87,999,2000,100,995,1,999
439,program.txt,Into base greater than 10,145, 10, 76,999,2000,100,220,1,999
440,program.txt,Into base greater than 10,252, 10, 80,999,2000,100,352,1,999
441,program.txt,Into base greater than 10,94, 10, 30,999,2000,100,190,1,999
442,program.txt,Into base greater than 10,64, 10, 93,999,2000,100,139,1,999
443,program.txt,Into base greater than 10,336, 10, 57,999,2000,100,433,1,999
444,program.txt,Into base greater than 10,406, 10, 33,999,2000,100,497,1,999
445,program.txt,Into base greater than 10,377, 10, 94,999,2000,100,501,1,999
446,program.txt,Into base greater than 10,122, 10, 39,999,2000,100,186,1,999
447,program.txt,Into base greater than 10,758, 10, 81,999,2000,100,927,1,999
448,program.txt,Into base greater than 10,487, 10, 99,999,2000,100,633,1,999
449,program.txt,Into base greater than 10,458, 10, 66,999,2000,100,582,1,999
450,program.txt,Out of base greater than 10,725, 67, 10,999,2000,100,294,1,999
451,program.txt,Out of base greater than 10,513, 96, 10,999,2000,100,217,1,999
452,program.txt,Out of base greater than 10,149, 12, 10,999,2000,100,348,1,201
453,program.txt,Out of base greater than 10,653, 52, 10,999,2000,100,350,1,999
454,program.txt,Out of base greater than 10,109, 97, 10,999,2000,100,150,1,999
455,program.txt,Out of base greater than 10,400, 49, 10,999,2000,100,295,1,999
456,program.txt,Out of base greater than 10,756, 62, 10,999,2000,100,335,1,999
457,program.txt,Out of base greater than 10,2, 31, 10,999,2000,100,121,1,2
458,program.txt,Out of base greater than 10,723, 49, 10,999,2000,100,354,1,999
459,program.txt,Out of base greater than 10,370, 24, 10,999,2000,100,539,1,999
460,program.txt,Out of base greater than 10,506, 85, 10,999,2000,100,220,1,999
461,program.txt,Out of base greater than 10,934, 57, 10,999,2000,100,361,1,999
462,program.txt,Out of base greater than 10,414, 95, 10,999,2000,100,202,1,999
463,program.txt,Out of base greater than 10,399, 83, 10,999,2000,100,253,1,999
464,program.txt,Out of base greater than 10,938, 48, 10,999,2000,100,391,1,999
465,program.txt,Out of base greater than 10,603, 40, 10,999,2000,100,365,1,999
466,program.txt,Out of base greater than 10,637, 18, 10,999,2000,100,696,1,999
467,program.txt,Out of base greater than 10,791, 96, 10,999,2000,100,303,1,999
468,program.txt,Out of base greater than 10,262, 23, 10,999,2000,100,537,1,999
469,program.txt,Out of base greater than 10,314, 16, 10,999,2000,100,803,1,788
470,program.txt,Out of base greater than 10,841, 67, 10,999,2000,100,323,1,999
471,program.txt,Out of base greater than 10,947, 92, 10,999,2000,100,298,1,999
472,program.txt,Out of base greater than 10,448, 42, 10,999,2000,100,353,1,999
473,program.txt,Out of base greater than 10,874, 23, 10,999,2000,100,634,1,999
474,program.txt,Out of base greater than 10,170, 89, 10,999,2000,100,209,1,999
475,program.txt,Out of base greater than 10,219, 33, 10,999,2000,100,372,1,999
476,program.txt,Out of base greater than 10,547, 28, 10,999,2000,100,488,1,999
477,program.txt,Out of base greater than 10,696, 70, 10,999,2000,100,328,1,999
478,program.txt,Out of base greater than 10,217, 96, 10,999,2000,100,172,1,999
479,program.txt,Out of base greater than 10,237, 73, 10,999,2000,100,216,1,999
480,program.txt,Out of base greater than 10,859, 76, 10,999,2000,100,320,1,999
481,program.txt,Out of base greater than 10,432, 97, 10,999,2000,100,216,1,999
482,program.txt,Out of base greater than 10,877, 25, 10,999,2000,100,594,1,999
483,program.txt,Out of base greater than 10,468, 54, 10,999,2000,100,317,1,999
484,program.txt,Out of base greater than 10,741, 94, 10,999,2000,100,268,1,999
485,program.txt,Out of base greater than 10,67, 72, 10,999,2000,100,292,1,439
486,program.txt,Out of base greater than 10,415, 91, 10,999,2000,100,202,1,999
487,program.txt,Out of base greater than 10,493, 48, 10,999,2000,100,358,1,999
488,program.txt,Out of base greater than 10,936, 47, 10,999,2000,100,401,1,999
489,program.txt,Out of base greater than 10,608, 54, 10,999,2000,100,305,1,999
490,program.txt,Out of base greater than 10,474, 14, 10,999,2000,100,1012,1,886
491,program.txt,Out of base greater than 10,571, 30, 10,999,2000,100,489,1,999
492,program.txt,Out of base greater than 10,837, 72, 10,999,2000,100,306,1,999
493,program.txt,Out of base greater than 10,722, 95, 10,999,2000,100,254,1,999
494,program.txt,Out of base greater than 10,780, 76, 10,999,2000,100,326,1,999
495,program.txt,Out of base greater than 10,670, 32, 10,999,2000,100,484,1,999
496,program.txt,Out of base greater than 10,645, 86, 10,999,2000,100,263,1,999
497,program.txt,Out of base greater than 10,353, 62, 10,999,2000,100,275,1,999
498,program.txt,Out of base greater than 10,426, 26, 10,999,2000,100,489,1,999
499,program.txt,Out of base greater than 10,130, 11, 10,999,2000,100,344,1,154
500,program.txt,Out of base greater than 10,181, 40, 10,999,2000,100,346,1,999
501,program.txt,Out of base greater than 10,255, 60, 10,999,2000,100,260,1,999
502,program.txt,Out of base greater than 10,23, 87, 10,999,2000,100,216,1,177
503,program.txt,Out of base greater than 10,227, 78, 10,999,2000,100,199,1,999
504,program.txt,Out of base greater than 10,325, 44, 10,999,2000,100,314,1,999
505,program.txt,Out of base greater than 10,244, 83, 10,999,2000,100,203,1,999
0,README.md, COMPILE FAILED
